use [model]
go

if db_id('movies') is not null
	drop database [movies]
go

create database [movies]
go

use [movies]
go

create table [actors] (
	[actor_id] int primary key,
	[first_name] varchar(50) not null,
	[last_name] varchar(50) not null,
	[gender] char(1) not null
)
go

create table [directors] (
	[director_id] int primary key,
	[first_name] varchar(50) not null,
	[last_name] varchar(50) not null
)
go

create table [genres] (
	[genre_id] int primary key,
	[name] varchar(50) not null
)
go

create table [movies] (
	[movie_id] int primary key,
	[title] varchar(100) not null,
	[minutes] int not null,
	[language] varchar(50) not null,
	[release_date] date not null,
	[country] char(2) not null
)
go

create table [reviewers] (
	[reviewer_id] int primary key,
	[name] varchar(50) not null
)
go

create table [movies_actors] (
	[movie_id] int not null foreign key references [movies]([movie_id]),
	[actor_id] int not null foreign key references [actors]([actor_id]),
	[role] varchar(50) not null
)
go

create table [movies_directors] (
	[movie_id] int not null foreign key references [movies]([movie_id]),
	[director_id] int not null foreign key references [directors]([director_id])
)
go

create table [movies_genres] (
	[movie_id] int not null foreign key references [movies]([movie_id]),
	[genre_id] int not null foreign key references [genres]([genre_id])
)
go

create table [reviews] (
	[reviewer_id] int not null foreign key references [reviewers]([reviewer_id]),
	[movie_id] int not null foreign key references [movies]([movie_id]),
	[stars] int not null
)
go

insert into [actors] values
	(1, 'F. Murray', 'Abraham', 'M'),
	(2, 'Woody', 'Allen', 'M'),
	(3, 'Stephen', 'Baldwin', 'M'),
	(4, 'Christian', 'Bale', 'M'),
	(5, 'Annette', 'Bening', 'F'),
	(6, 'Tom', 'Cruise', 'M'),
	(7, 'Matt', 'Damon', 'M'),
	(8, 'Robert', 'De Niro', 'M'),
	(9, 'Leonardo', 'DiCaprio', 'M'),
	(10, 'Faye', 'Dunaway', 'F'),
	(11, 'Harrison', 'Ford', 'M'),
	(12, 'Michael J.', 'Fox', 'M'),
	(13, 'Morgan', 'Freeman', 'M'),
	(14, 'Mel', 'Gibson', 'M'),
	(15, 'Jake', 'Gyllenhaal', 'M'),
	(16, 'Maggie', 'Gyllenhaal', 'F'),
	(17, 'Tom', 'Hulce', 'M'),
	(18, 'Hugh', 'Jackman', 'M'),
	(19, 'Diane', 'Keaton', 'F'),
	(20, 'Deborah', 'Kerr', 'F'),
	(21, 'Nicole', 'Kidman', 'F'),
	(22, 'Christopher', 'Lloyd', 'M'),
	(23, 'Ewan', 'McGregor', 'M'),
	(24, 'Toshirô', 'Mifune', 'M'),
	(25, 'Julianne', 'Moore', 'F'),
	(26, 'Jack', 'Nicholson', 'M'),
	(27, 'Kim', 'Novak', 'F'),
	(28, 'Peter', 'O''Toole', 'M'),
	(29, 'Dev', 'Patel', 'M'),
	(30, 'Freida', 'Pinto', 'F'),
	(31, 'Brad', 'Pitt', 'M'),
	(32, 'Burt', 'Reynolds', 'M'),
	(33, 'Tim', 'Robbins', 'M'),
	(34, 'Zoe', 'Saldana', 'F'),
	(35, 'Omar', 'Sharif', 'M'),
	(36, 'Takashi', 'Shimura', 'M'),
	(37, 'Kevin', 'Spacey', 'M'),
	(38, 'James', 'Stewart', 'M'),
	(39, 'Jon', 'Voight', 'M'),
	(40, 'Mark', 'Wahlberg', 'M'),
	(41, 'Christopher', 'Walken', 'M'),
	(42, 'Sigourney', 'Weaver', 'F'),
	(43, 'Robin', 'Williams', 'M'),
	(44, 'Kate', 'Winslet', 'F'),
	(45, 'Sam', 'Worthington', 'M')
go

insert into [directors] values
	(1, 'Woody', 'Allen'),
	(2, 'Paul Thomas', 'Anderson'),
	(3, 'John', 'Boorman'),
	(4, 'Danny', 'Boyle'),
	(5, 'James', 'Cameron'),
	(6, 'Michael', 'Cimino'),
	(7, 'Jack', 'Clayton'),
	(8, 'Frank', 'Darabont'),
	(9, 'Milos', 'Forman'),
	(10, 'Mel', 'Gibson'),
	(11, 'Alfred', 'Hitchcock'),
	(12, 'Peter', 'Jackson'),
	(13, 'Richard', 'Kelly'),
	(14, 'Stanley', 'Kubrick'),
	(15, 'Akira', 'Kurosawa'),
	(16, 'David', 'Lean'),
	(17, 'Sam', 'Mendes'),
	(18, 'Hayao', 'Miyazaki'),
	(19, 'Christopher', 'Nolan'),
	(20, 'Roman', 'Polañski'),
	(21, 'Ridley', 'Scott'),
	(22, 'Bryan', 'Singer'),
	(23, 'Kevin', 'Spacey'),
	(24, 'Loveleen', 'Tandan'),
	(25, 'Andrei', 'Tarkovsky'),
	(26, 'Gus', 'Van Sant'),
	(27, 'Denis', 'Villeneuve'),
	(28, 'Robert', 'Zemeckis')
go

insert into [genres] values
	(1, 'action'),
	(2, 'adventure'),
	(3, 'animation'),
	(4, 'biography'),
	(5, 'comedy'),
	(6, 'crime'),
	(7, 'drama'),
	(8, 'family'),
	(9, 'fantasy'),
	(10, 'history'),
	(11, 'horror'),
	(12, 'music'),
	(13, 'mystery'),
	(14, 'romance'),
	(15, 'science fiction'),
	(16, 'thriller'),
	(17, 'war'),
	(18, 'western')
go

insert into [movies] values
	(1, 'Aliens', 137, 'English', '1986-08-29', 'UK'),
	(2, 'Amadeus', 160, 'English', '1985-01-07', 'UK'),
	(3, 'American Beauty', 122, 'English', '1999-11-18', 'UK'),
	(4, 'Annie Hall', 93, 'English', '1977-04-20', 'US'),
	(5, 'Avatar', 162, 'English', '2009-12-17', 'UK'),
	(6, 'Back to the Future', 116, 'English', '1985-12-04', 'UK'),
	(7, 'Beyond the Sea', 118, 'English', '2004-11-26', 'UK'),
	(8, 'Blade Runner', 117, 'English', '1982-09-09', 'UK'),
	(9, 'Boogie Nights', 155, 'English', '1998-02-16', 'UK'),
	(10, 'Braveheart', 178, 'English', '1995-09-08', 'UK'),
	(11, 'Chinatown', 130, 'English', '1974-08-09', 'UK'),
	(12, 'Deliverance', 109, 'English', '1982-10-05', 'UK'),
	(13, 'Donnie Darko', 113, 'English', '2002-10-25', 'UK'),
	(14, 'Eyes Wide Shut', 159, 'English', '1999-09-03', 'UK'),
	(15, 'Good Will Hunting', 126, 'English', '1998-06-03', 'UK'),
	(16, 'Lawrence of Arabia', 216, 'English', '1962-12-11', 'UK'),
	(17, 'Princess Mononoke', 134, 'Japanese', '2001-10-19', 'UK'),
	(18, 'Seven Samurai', 207, 'Japanese', '1954-04-26', 'JP'),
	(19, 'Slumdog Millionaire', 120, 'English', '2009-01-09', 'UK'),
	(20, 'Spirited Away', 125, 'Japanese', '2003-09-12', 'UK'),
	(21, 'The Deer Hunter', 183, 'English', '1979-03-08', 'UK'),
	(22, 'The Innocents', 100, 'English', '1962-02-19', 'SW'),
	(23, 'The Prestige', 130, 'English', '2006-11-10', 'UK'),
	(24, 'The Shawshank Redemption', 142, 'English', '1995-02-17', 'UK'),
	(25, 'The Usual Suspects', 106, 'English', '1995-08-25', 'UK'),
	(26, 'Titanic', 194, 'English', '1998-01-23', 'UK'),
	(27, 'Trainspotting', 94, 'English', '1996-02-23', 'UK'),
	(28, 'Vertigo', 128, 'English', '1958-08-24', 'UK')
go

insert into [reviewers] values
	(1, 'Julie Rhodes'),
	(2, 'Kevin Ford'),
	(3, 'Erika Garrison'),
	(4, 'Donald Graham'),
	(5, 'Eddie Smith'),
	(6, 'Matthew Miller'),
	(7, 'Megan Chandler'),
	(8, 'Matthew Wood'),
	(9, 'Alexander Williams'),
	(10, 'Molly Thomas'),
	(11, 'Monica Young'),
	(12, 'Dennis Harvey'),
	(13, 'Leslie Coleman'),
	(14, 'William Garrett'),
	(15, 'Ashley Garcia')
go

insert into [movies_actors] values
	(1, 42, 'Ellen Ripley'),
	(2, 1, 'Antonio Salieri'),
	(2, 17, 'Wolfgang Amadeus Mozart'),
	(3, 37, 'Lester Burnham'),
	(3, 5, 'Carolyn Burnham'),
	(4, 2, 'Alvy Singer'),
	(4, 19, 'Annie Hall'),
	(4, 41, 'Duane Hall'),
	(5, 45, 'Jake Sully'),
	(5, 34, 'Neytiri'),
	(5, 42, 'Dr Grace Augustine'),
	(6, 12, 'Marty McFly'),
	(6, 22, 'Dr Emmett Brown'),
	(7, 37, 'Bobby Darin'),
	(8, 11, 'Rick Deckard'),
	(9, 40, 'Eddie Adams'),
	(9, 25, 'Amber Waves'),
	(9, 32, 'Jack Horner'),
	(10, 14, 'William Wallace'),
	(11, 26, 'J. J. Gittes'),
	(11, 10, 'Evelyn Mulwray'),
	(12, 39, 'Ed Gentry'),
	(12, 32, 'Lewis Medlock'),
	(13, 15, 'Donnie Darko'),
	(13, 16, 'Elizabeth Darko'),
	(14, 6, 'Dr William Harford'),
	(14, 21, 'Alice Harford'),
	(15, 43, 'Dr Sean Maguire'),
	(15, 7, 'Will Hunting'),
	(16, 28, 'T. E. Lawrence'),
	(16, 35, 'Sherif Ali'),
	(18, 24, 'Kikuchiyo'),
	(18, 36, 'Kambei Shimada'),
	(19, 29, 'Jamal Malik'),
	(19, 30, 'Latika'),
	(21, 8, 'Michael Vronsky'),
	(21, 41, 'Nikanor Chevotarevich'),
	(22, 20, 'Miss Giddens'),
	(23, 4, 'Alfred Borden'),
	(23, 18, 'Robert Angier'),
	(24, 33, 'Andy Dufresne'),
	(24, 13, 'Ellis Boyd Redding'),
	(25, 37, 'Roger Kint'),
	(25, 3, 'Michael McManus'),
	(26, 9, 'Jack Dawson'),
	(26, 44, 'Rose DeWitt Bukater'),
	(27, 23, 'Mark Renton'),
	(28, 38, 'John Ferguson'),
	(28, 27, 'Madeleine Elster')
go

insert into [movies_directors] values
	(1, 5),
	(2, 9),
	(3, 17),
	(4, 1),
	(5, 5),
	(6, 28),
	(7, 23),
	(8, 21),
	(9, 2),
	(10, 10),
	(11, 20),
	(12, 3),
	(13, 13),
	(14, 14),
	(15, 26),
	(16, 16),
	(17, 18),
	(18, 15),
	(19, 4),
	(19, 24),
	(20, 18),
	(21, 6),
	(22, 7),
	(23, 19),
	(24, 8),
	(25, 22),
	(26, 5),
	(27, 4),
	(28, 11)
go

insert into [movies_genres] values
	(1, 1),
	(1, 2),
	(1, 15),
	(2, 4),
	(2, 7),
	(2, 12),
	(3, 7),
	(4, 5),
	(4, 14),
	(5, 1),
	(5, 2),
	(5, 9),
	(6, 2),
	(6, 5),
	(6, 15),
	(7, 4),
	(7, 7),
	(7, 12),
	(8, 1),
	(8, 7),
	(8, 15),
	(9, 7),
	(10, 4),
	(10, 7),
	(10, 10),
	(11, 7),
	(11, 13),
	(11, 16),
	(12, 2),
	(12, 7),
	(12, 16),
	(13, 7),
	(13, 13),
	(13, 15),
	(14, 7),
	(14, 13),
	(14, 16),
	(15, 7),
	(15, 14),
	(16, 2),
	(16, 4),
	(16, 7),
	(17, 3),
	(17, 1),
	(17, 2),
	(18, 1),
	(18, 7),
	(19, 7),
	(19, 14),
	(20, 3),
	(20, 2),
	(20, 8),
	(21, 7),
	(21, 17),
	(22, 11),
	(23, 7),
	(23, 13),
	(23, 16),
	(24, 7),
	(25, 6),
	(25, 7),
	(25, 13),
	(26, 7),
	(26, 14),
	(27, 7),
	(28, 13),
	(28, 14),
	(28, 16)
go

insert into [reviews] values
	(10, 27, 8),
	(12, 9, 10),
	(3, 22, 8),
	(9, 4, 6),
	(7, 27, 10),
	(3, 17, 9),
	(5, 3, 8),
	(12, 14, 8),
	(8, 4, 8),
	(4, 19, 8),
	(7, 16, 9),
	(11, 13, 7),
	(8, 24, 6),
	(1, 5, 10),
	(12, 7, 7),
	(4, 2, 6),
	(8, 2, 7),
	(3, 2, 10),
	(1, 1, 8),
	(12, 19, 9),
	(4, 28, 9),
	(6, 20, 8),
	(3, 12, 7),
	(1, 21, 7),
	(3, 4, 5),
	(5, 12, 6),
	(3, 8, 4),
	(7, 23, 10),
	(2, 5, 9),
	(5, 28, 9),
	(8, 1, 8),
	(6, 21, 10),
	(1, 3, 9),
	(7, 8, 6),
	(6, 10, 6),
	(7, 6, 6),
	(12, 20, 6),
	(15, 7, 10),
	(3, 16, 1),
	(3, 19, 6),
	(8, 9, 7),
	(9, 21, 3),
	(8, 26, 9),
	(8, 21, 6),
	(12, 23, 6),
	(2, 20, 9),
	(4, 9, 6),
	(3, 9, 6),
	(3, 1, 7),
	(5, 2, 6),
	(10, 3, 5),
	(11, 19, 6),
	(3, 20, 9),
	(1, 11, 9),
	(7, 28, 2),
	(8, 7, 10),
	(12, 4, 3),
	(2, 21, 9),
	(2, 12, 7),
	(12, 12, 8),
	(3, 21, 7),
	(6, 12, 8),
	(10, 25, 7),
	(1, 8, 8),
	(15, 25, 9),
	(9, 7, 6),
	(15, 20, 9),
	(4, 11, 5),
	(7, 9, 8),
	(8, 19, 8),
	(5, 17, 8),
	(1, 15, 8),
	(8, 15, 9),
	(4, 20, 8),
	(7, 26, 6),
	(5, 19, 9),
	(10, 1, 7),
	(3, 26, 9),
	(10, 21, 8),
	(8, 12, 6),
	(14, 7, 7),
	(7, 20, 8),
	(1, 12, 8),
	(3, 25, 6),
	(1, 9, 1),
	(4, 1, 6),
	(8, 10, 8),
	(11, 7, 5),
	(8, 8, 6),
	(10, 2, 10),
	(12, 2, 6),
	(5, 7, 9),
	(10, 12, 9),
	(3, 28, 9),
	(11, 26, 6),
	(10, 7, 6),
	(1, 7, 8),
	(11, 2, 10),
	(3, 7, 7),
	(8, 25, 5),
	(8, 20, 5),
	(11, 17, 7),
	(10, 4, 9),
	(1, 20, 9),
	(6, 4, 8),
	(12, 21, 9),
	(12, 27, 9),
	(10, 19, 5),
	(12, 26, 9),
	(12, 15, 8),
	(7, 21, 6),
	(7, 12, 9),
	(7, 17, 8),
	(8, 28, 4),
	(11, 11, 4),
	(11, 4, 6),
	(14, 4, 8),
	(11, 12, 9),
	(14, 19, 6),
	(4, 17, 9)
go